year,species,guild,birdabundance,budburst,snowmelt,icemelt,regiontemp,breedingtemp
1990,Baird's Sandpiper,shorebird,0,NA,NA,2.4489795918367343,2.144117647058824,0.5368182714456005
1990,Black Guillemot,waterbird,33,NA,NA,2.4489795918367343,2.144117647058824,0.5368182714456005
1990,Common Eider,waterbird,25,NA,NA,2.4489795918367343,2.144117647058824,0.5368182714456005
1990,Glaucous Gull,waterbird,2,NA,NA,2.4489795918367343,2.144117647058824,0.5368182714456005
1990,Greater White-fronted Goose,waterbird,0,NA,NA,2.4489795918367343,2.144117647058824,0.5368182714456005
1990,Lapland Longspur,passerine,32,NA,NA,2.4489795918367343,2.144117647058824,0.5368182714456005
1990,Long-tailed Jaeger,birdofprey,1,NA,NA,2.4489795918367343,2.144117647058824,0.5368182714456005
1990,Northern Pintail,waterbird,2,NA,NA,2.4489795918367343,2.144117647058824,0.5368182714456005
1990,Redpoll,passerine,4,NA,NA,2.4489795918367343,2.144117647058824,0.5368182714456005
1990,Red-throated Loon,waterbird,0,NA,NA,2.4489795918367343,2.144117647058824,0.5368182714456005
1990,Savannah Sparrow,passerine,0,NA,NA,2.4489795918367343,2.144117647058824,0.5368182714456005
1990,Semipalmated Plover,shorebird,27,NA,NA,2.4489795918367343,2.144117647058824,0.5368182714456005
1990,Semipalmated Sandpiper,shorebird,15,NA,NA,2.4489795918367343,2.144117647058824,0.5368182714456005
1990,Snow Bunting,passerine,6,NA,NA,2.4489795918367343,2.144117647058824,0.5368182714456005
1991,Baird's Sandpiper,shorebird,3,NA,NA,9.448979591836734,0.3441176470588232,2.6781226192716874
1991,Black Guillemot,waterbird,37,NA,NA,9.448979591836734,0.3441176470588232,2.6781226192716874
1991,Common Eider,waterbird,24,NA,NA,9.448979591836734,0.3441176470588232,2.6781226192716874
1991,Glaucous Gull,waterbird,4,NA,NA,9.448979591836734,0.3441176470588232,2.6781226192716874
1991,Greater White-fronted Goose,waterbird,0,NA,NA,9.448979591836734,0.3441176470588232,2.6781226192716874
1991,Lapland Longspur,passerine,38,NA,NA,9.448979591836734,0.3441176470588232,2.6781226192716874
1991,Long-tailed Jaeger,birdofprey,0,NA,NA,9.448979591836734,0.3441176470588232,2.6781226192716874
1991,Northern Pintail,waterbird,2,NA,NA,9.448979591836734,0.3441176470588232,2.6781226192716874
1991,Redpoll,passerine,4,NA,NA,9.448979591836734,0.3441176470588232,2.6781226192716874
1991,Red-throated Loon,waterbird,0,NA,NA,9.448979591836734,0.3441176470588232,2.6781226192716874
1991,Savannah Sparrow,passerine,9,NA,NA,9.448979591836734,0.3441176470588232,2.6781226192716874
1991,Semipalmated Plover,shorebird,0,NA,NA,9.448979591836734,0.3441176470588232,2.6781226192716874
1991,Semipalmated Sandpiper,shorebird,10,NA,NA,9.448979591836734,0.3441176470588232,2.6781226192716874
1991,Snow Bunting,passerine,3,NA,NA,9.448979591836734,0.3441176470588232,2.6781226192716874
1992,Baird's Sandpiper,shorebird,2,NA,NA,4.591836734693877,-0.25588235294117645,-1.756659989423965
1992,Black Guillemot,waterbird,0,NA,NA,4.591836734693877,-0.25588235294117645,-1.756659989423965
1992,Common Eider,waterbird,13,NA,NA,4.591836734693877,-0.25588235294117645,-1.756659989423965
1992,Glaucous Gull,waterbird,5,NA,NA,4.591836734693877,-0.25588235294117645,-1.756659989423965
1992,Greater White-fronted Goose,waterbird,0,NA,NA,4.591836734693877,-0.25588235294117645,-1.756659989423965
1992,Lapland Longspur,passerine,26,NA,NA,4.591836734693877,-0.25588235294117645,-1.756659989423965
1992,Long-tailed Jaeger,birdofprey,5,NA,NA,4.591836734693877,-0.25588235294117645,-1.756659989423965
1992,Northern Pintail,waterbird,2,NA,NA,4.591836734693877,-0.25588235294117645,-1.756659989423965
1992,Redpoll,passerine,4,NA,NA,4.591836734693877,-0.25588235294117645,-1.756659989423965
1992,Red-throated Loon,waterbird,0,NA,NA,4.591836734693877,-0.25588235294117645,-1.756659989423965
1992,Savannah Sparrow,passerine,1,NA,NA,4.591836734693877,-0.25588235294117645,-1.756659989423965
1992,Semipalmated Plover,shorebird,4,NA,NA,4.591836734693877,-0.25588235294117645,-1.756659989423965
1992,Semipalmated Sandpiper,shorebird,38,NA,NA,4.591836734693877,-0.25588235294117645,-1.756659989423965
1992,Snow Bunting,passerine,2,NA,NA,4.591836734693877,-0.25588235294117645,-1.756659989423965
1993,Baird's Sandpiper,shorebird,5,NA,NA,-4.551020408163266,1.3441176470588232,-0.15665998942396442
1993,Black Guillemot,waterbird,0,NA,NA,-4.551020408163266,1.3441176470588232,-0.15665998942396442
1993,Common Eider,waterbird,0,NA,NA,-4.551020408163266,1.3441176470588232,-0.15665998942396442
1993,Glaucous Gull,waterbird,2,NA,NA,-4.551020408163266,1.3441176470588232,-0.15665998942396442
1993,Greater White-fronted Goose,waterbird,0,NA,NA,-4.551020408163266,1.3441176470588232,-0.15665998942396442
1993,Lapland Longspur,passerine,8,NA,NA,-4.551020408163266,1.3441176470588232,-0.15665998942396442
1993,Long-tailed Jaeger,birdofprey,3,NA,NA,-4.551020408163266,1.3441176470588232,-0.15665998942396442
1993,Northern Pintail,waterbird,0,NA,NA,-4.551020408163266,1.3441176470588232,-0.15665998942396442
1993,Redpoll,passerine,1,NA,NA,-4.551020408163266,1.3441176470588232,-0.15665998942396442
1993,Red-throated Loon,waterbird,4,NA,NA,-4.551020408163266,1.3441176470588232,-0.15665998942396442
1993,Savannah Sparrow,passerine,0,NA,NA,-4.551020408163266,1.3441176470588232,-0.15665998942396442
1993,Semipalmated Plover,shorebird,29,NA,NA,-4.551020408163266,1.3441176470588232,-0.15665998942396442
1993,Semipalmated Sandpiper,shorebird,0,NA,NA,-4.551020408163266,1.3441176470588232,-0.15665998942396442
1993,Snow Bunting,passerine,10,NA,NA,-4.551020408163266,1.3441176470588232,-0.15665998942396442
1994,Baird's Sandpiper,shorebird,0,NA,NA,1.448979591836734,-0.055882352941175384,NA
1994,Black Guillemot,waterbird,0,NA,NA,1.448979591836734,-0.055882352941175384,NA
1994,Common Eider,waterbird,0,NA,NA,1.448979591836734,-0.055882352941175384,NA
1994,Glaucous Gull,waterbird,1,NA,NA,1.448979591836734,-0.055882352941175384,NA
1994,Greater White-fronted Goose,waterbird,2,NA,NA,1.448979591836734,-0.055882352941175384,NA
1994,Lapland Longspur,passerine,22,NA,NA,1.448979591836734,-0.055882352941175384,NA
1994,Long-tailed Jaeger,birdofprey,0,NA,NA,1.448979591836734,-0.055882352941175384,NA
1994,Northern Pintail,waterbird,7,NA,NA,1.448979591836734,-0.055882352941175384,NA
1994,Redpoll,passerine,2,NA,NA,1.448979591836734,-0.055882352941175384,NA
1994,Red-throated Loon,waterbird,0,NA,NA,1.448979591836734,-0.055882352941175384,NA
1994,Savannah Sparrow,passerine,0,NA,NA,1.448979591836734,-0.055882352941175384,NA
1994,Semipalmated Plover,shorebird,17,NA,NA,1.448979591836734,-0.055882352941175384,NA
1994,Semipalmated Sandpiper,shorebird,21,NA,NA,1.448979591836734,-0.055882352941175384,NA
1994,Snow Bunting,passerine,6,NA,NA,1.448979591836734,-0.055882352941175384,NA
1995,Baird's Sandpiper,shorebird,5,NA,NA,-2.5510204081632657,1.0441176470588243,4.0047892859383545
1995,Black Guillemot,waterbird,1,NA,NA,-2.5510204081632657,1.0441176470588243,4.0047892859383545
1995,Common Eider,waterbird,10,NA,NA,-2.5510204081632657,1.0441176470588243,4.0047892859383545
1995,Glaucous Gull,waterbird,4,NA,NA,-2.5510204081632657,1.0441176470588243,4.0047892859383545
1995,Greater White-fronted Goose,waterbird,0,NA,NA,-2.5510204081632657,1.0441176470588243,4.0047892859383545
1995,Lapland Longspur,passerine,12,NA,NA,-2.5510204081632657,1.0441176470588243,4.0047892859383545
1995,Long-tailed Jaeger,birdofprey,0,NA,NA,-2.5510204081632657,1.0441176470588243,4.0047892859383545
1995,Northern Pintail,waterbird,2,NA,NA,-2.5510204081632657,1.0441176470588243,4.0047892859383545
1995,Redpoll,passerine,0,NA,NA,-2.5510204081632657,1.0441176470588243,4.0047892859383545
1995,Red-throated Loon,waterbird,0,NA,NA,-2.5510204081632657,1.0441176470588243,4.0047892859383545
1995,Savannah Sparrow,passerine,3,NA,NA,-2.5510204081632657,1.0441176470588243,4.0047892859383545
1995,Semipalmated Plover,shorebird,0,NA,NA,-2.5510204081632657,1.0441176470588243,4.0047892859383545
1995,Semipalmated Sandpiper,shorebird,0,NA,NA,-2.5510204081632657,1.0441176470588243,4.0047892859383545
1995,Snow Bunting,passerine,2,NA,NA,-2.5510204081632657,1.0441176470588243,4.0047892859383545
1996,Baird's Sandpiper,shorebird,4,NA,NA,1.5918367346938769,-0.25588235294117645,-2.286321825172757
1996,Black Guillemot,waterbird,2,NA,NA,1.5918367346938769,-0.25588235294117645,-2.286321825172757
1996,Common Eider,waterbird,6,NA,NA,1.5918367346938769,-0.25588235294117645,-2.286321825172757
1996,Glaucous Gull,waterbird,5,NA,NA,1.5918367346938769,-0.25588235294117645,-2.286321825172757
1996,Greater White-fronted Goose,waterbird,0,NA,NA,1.5918367346938769,-0.25588235294117645,-2.286321825172757
1996,Lapland Longspur,passerine,18,NA,NA,1.5918367346938769,-0.25588235294117645,-2.286321825172757
1996,Long-tailed Jaeger,birdofprey,4,NA,NA,1.5918367346938769,-0.25588235294117645,-2.286321825172757
1996,Northern Pintail,waterbird,14,NA,NA,1.5918367346938769,-0.25588235294117645,-2.286321825172757
1996,Redpoll,passerine,8,NA,NA,1.5918367346938769,-0.25588235294117645,-2.286321825172757
1996,Red-throated Loon,waterbird,2,NA,NA,1.5918367346938769,-0.25588235294117645,-2.286321825172757
1996,Savannah Sparrow,passerine,0,NA,NA,1.5918367346938769,-0.25588235294117645,-2.286321825172757
1996,Semipalmated Plover,shorebird,0,NA,NA,1.5918367346938769,-0.25588235294117645,-2.286321825172757
1996,Semipalmated Sandpiper,shorebird,12,NA,NA,1.5918367346938769,-0.25588235294117645,-2.286321825172757
1996,Snow Bunting,passerine,5,NA,NA,1.5918367346938769,-0.25588235294117645,-2.286321825172757
1997,Baird's Sandpiper,shorebird,0,NA,NA,-0.5510204081632659,-0.8558823529411761,-1.0618773807283128
1997,Black Guillemot,waterbird,17,NA,NA,-0.5510204081632659,-0.8558823529411761,-1.0618773807283128
1997,Common Eider,waterbird,30,NA,NA,-0.5510204081632659,-0.8558823529411761,-1.0618773807283128
1997,Glaucous Gull,waterbird,11,NA,NA,-0.5510204081632659,-0.8558823529411761,-1.0618773807283128
1997,Greater White-fronted Goose,waterbird,5,NA,NA,-0.5510204081632659,-0.8558823529411761,-1.0618773807283128
1997,Lapland Longspur,passerine,9,NA,NA,-0.5510204081632659,-0.8558823529411761,-1.0618773807283128
1997,Long-tailed Jaeger,birdofprey,6,NA,NA,-0.5510204081632659,-0.8558823529411761,-1.0618773807283128
1997,Northern Pintail,waterbird,7,NA,NA,-0.5510204081632659,-0.8558823529411761,-1.0618773807283128
1997,Redpoll,passerine,1,NA,NA,-0.5510204081632659,-0.8558823529411761,-1.0618773807283128
1997,Red-throated Loon,waterbird,4,NA,NA,-0.5510204081632659,-0.8558823529411761,-1.0618773807283128
1997,Savannah Sparrow,passerine,2,NA,NA,-0.5510204081632659,-0.8558823529411761,-1.0618773807283128
1997,Semipalmated Plover,shorebird,0,NA,NA,-0.5510204081632659,-0.8558823529411761,-1.0618773807283128
1997,Semipalmated Sandpiper,shorebird,25,NA,NA,-0.5510204081632659,-0.8558823529411761,-1.0618773807283128
1997,Snow Bunting,passerine,8,NA,NA,-0.5510204081632659,-0.8558823529411761,-1.0618773807283128
1998,Baird's Sandpiper,shorebird,14,NA,NA,-7.551020408163266,3.344117647058823,NA
1998,Black Guillemot,waterbird,5,NA,NA,-7.551020408163266,3.344117647058823,NA
1998,Common Eider,waterbird,19,NA,NA,-7.551020408163266,3.344117647058823,NA
1998,Glaucous Gull,waterbird,13,NA,NA,-7.551020408163266,3.344117647058823,NA
1998,Greater White-fronted Goose,waterbird,0,NA,NA,-7.551020408163266,3.344117647058823,NA
1998,Lapland Longspur,passerine,15,NA,NA,-7.551020408163266,3.344117647058823,NA
1998,Long-tailed Jaeger,birdofprey,7,NA,NA,-7.551020408163266,3.344117647058823,NA
1998,Northern Pintail,waterbird,19,NA,NA,-7.551020408163266,3.344117647058823,NA
1998,Redpoll,passerine,5,NA,NA,-7.551020408163266,3.344117647058823,NA
1998,Red-throated Loon,waterbird,2,NA,NA,-7.551020408163266,3.344117647058823,NA
1998,Savannah Sparrow,passerine,9,NA,NA,-7.551020408163266,3.344117647058823,NA
1998,Semipalmated Plover,shorebird,3,NA,NA,-7.551020408163266,3.344117647058823,NA
1998,Semipalmated Sandpiper,shorebird,8,NA,NA,-7.551020408163266,3.344117647058823,NA
1998,Snow Bunting,passerine,8,NA,NA,-7.551020408163266,3.344117647058823,NA
1999,Baird's Sandpiper,shorebird,0,NA,NA,1.448979591836734,-1.6558823529411768,-1.7485440473949785
1999,Black Guillemot,waterbird,15,NA,NA,1.448979591836734,-1.6558823529411768,-1.7485440473949785
1999,Common Eider,waterbird,15,NA,NA,1.448979591836734,-1.6558823529411768,-1.7485440473949785
1999,Glaucous Gull,waterbird,6,NA,NA,1.448979591836734,-1.6558823529411768,-1.7485440473949785
1999,Greater White-fronted Goose,waterbird,3,NA,NA,1.448979591836734,-1.6558823529411768,-1.7485440473949785
1999,Lapland Longspur,passerine,8,NA,NA,1.448979591836734,-1.6558823529411768,-1.7485440473949785
1999,Long-tailed Jaeger,birdofprey,3,NA,NA,1.448979591836734,-1.6558823529411768,-1.7485440473949785
1999,Northern Pintail,waterbird,29,NA,NA,1.448979591836734,-1.6558823529411768,-1.7485440473949785
1999,Redpoll,passerine,2,NA,NA,1.448979591836734,-1.6558823529411768,-1.7485440473949785
1999,Red-throated Loon,waterbird,3,NA,NA,1.448979591836734,-1.6558823529411768,-1.7485440473949785
1999,Savannah Sparrow,passerine,2,NA,NA,1.448979591836734,-1.6558823529411768,-1.7485440473949785
1999,Semipalmated Plover,shorebird,4,NA,NA,1.448979591836734,-1.6558823529411768,-1.7485440473949785
1999,Semipalmated Sandpiper,shorebird,9,NA,NA,1.448979591836734,-1.6558823529411768,-1.7485440473949785
1999,Snow Bunting,passerine,6,NA,NA,1.448979591836734,-1.6558823529411768,-1.7485440473949785
2000,Baird's Sandpiper,shorebird,0,NA,NA,3.591836734693877,-1.6558823529411768,-3.589268685076136
2000,Black Guillemot,waterbird,6,NA,NA,3.591836734693877,-1.6558823529411768,-3.589268685076136
2000,Common Eider,waterbird,23,NA,NA,3.591836734693877,-1.6558823529411768,-3.589268685076136
2000,Glaucous Gull,waterbird,4,NA,NA,3.591836734693877,-1.6558823529411768,-3.589268685076136
2000,Greater White-fronted Goose,waterbird,3,NA,NA,3.591836734693877,-1.6558823529411768,-3.589268685076136
2000,Lapland Longspur,passerine,14,NA,NA,3.591836734693877,-1.6558823529411768,-3.589268685076136
2000,Long-tailed Jaeger,birdofprey,2,NA,NA,3.591836734693877,-1.6558823529411768,-3.589268685076136
2000,Northern Pintail,waterbird,51,NA,NA,3.591836734693877,-1.6558823529411768,-3.589268685076136
2000,Redpoll,passerine,5,NA,NA,3.591836734693877,-1.6558823529411768,-3.589268685076136
2000,Red-throated Loon,waterbird,0,NA,NA,3.591836734693877,-1.6558823529411768,-3.589268685076136
2000,Savannah Sparrow,passerine,2,NA,NA,3.591836734693877,-1.6558823529411768,-3.589268685076136
2000,Semipalmated Plover,shorebird,1,NA,NA,3.591836734693877,-1.6558823529411768,-3.589268685076136
2000,Semipalmated Sandpiper,shorebird,5,NA,NA,3.591836734693877,-1.6558823529411768,-3.589268685076136
2000,Snow Bunting,passerine,6,NA,NA,3.591836734693877,-1.6558823529411768,-3.589268685076136
2001,Baird's Sandpiper,shorebird,0,0.6399618818819387,1.9553011316169204,5.448979591836734,-2.655882352941177,-4.564734523585455
2001,Black Guillemot,waterbird,25,0.6399618818819387,1.9553011316169204,5.448979591836734,-2.655882352941177,-4.564734523585455
2001,Common Eider,waterbird,8,0.6399618818819387,1.9553011316169204,5.448979591836734,-2.655882352941177,-4.564734523585455
2001,Glaucous Gull,waterbird,7,0.6399618818819387,1.9553011316169204,5.448979591836734,-2.655882352941177,-4.564734523585455
2001,Greater White-fronted Goose,waterbird,0,0.6399618818819387,1.9553011316169204,5.448979591836734,-2.655882352941177,-4.564734523585455
2001,Lapland Longspur,passerine,11,0.6399618818819387,1.9553011316169204,5.448979591836734,-2.655882352941177,-4.564734523585455
2001,Long-tailed Jaeger,birdofprey,2,0.6399618818819387,1.9553011316169204,5.448979591836734,-2.655882352941177,-4.564734523585455
2001,Northern Pintail,waterbird,16,0.6399618818819387,1.9553011316169204,5.448979591836734,-2.655882352941177,-4.564734523585455
2001,Redpoll,passerine,12,0.6399618818819387,1.9553011316169204,5.448979591836734,-2.655882352941177,-4.564734523585455
2001,Red-throated Loon,waterbird,1,0.6399618818819387,1.9553011316169204,5.448979591836734,-2.655882352941177,-4.564734523585455
2001,Savannah Sparrow,passerine,2,0.6399618818819387,1.9553011316169204,5.448979591836734,-2.655882352941177,-4.564734523585455
2001,Semipalmated Plover,shorebird,3,0.6399618818819387,1.9553011316169204,5.448979591836734,-2.655882352941177,-4.564734523585455
2001,Semipalmated Sandpiper,shorebird,8,0.6399618818819387,1.9553011316169204,5.448979591836734,-2.655882352941177,-4.564734523585455
2001,Snow Bunting,passerine,6,0.6399618818819387,1.9553011316169204,5.448979591836734,-2.655882352941177,-4.564734523585455
2002,Baird's Sandpiper,shorebird,0,-0.5743238324037756,-0.6756512493354633,6.448979591836734,0.9441176470588246,-0.47622520681526925
2002,Black Guillemot,waterbird,0,-0.5743238324037756,-0.6756512493354633,6.448979591836734,0.9441176470588246,-0.47622520681526925
2002,Common Eider,waterbird,30,-0.5743238324037756,-0.6756512493354633,6.448979591836734,0.9441176470588246,-0.47622520681526925
2002,Glaucous Gull,waterbird,4,-0.5743238324037756,-0.6756512493354633,6.448979591836734,0.9441176470588246,-0.47622520681526925
2002,Greater White-fronted Goose,waterbird,1,-0.5743238324037756,-0.6756512493354633,6.448979591836734,0.9441176470588246,-0.47622520681526925
2002,Lapland Longspur,passerine,10,-0.5743238324037756,-0.6756512493354633,6.448979591836734,0.9441176470588246,-0.47622520681526925
2002,Long-tailed Jaeger,birdofprey,0,-0.5743238324037756,-0.6756512493354633,6.448979591836734,0.9441176470588246,-0.47622520681526925
2002,Northern Pintail,waterbird,7,-0.5743238324037756,-0.6756512493354633,6.448979591836734,0.9441176470588246,-0.47622520681526925
2002,Redpoll,passerine,0,-0.5743238324037756,-0.6756512493354633,6.448979591836734,0.9441176470588246,-0.47622520681526925
2002,Red-throated Loon,waterbird,0,-0.5743238324037756,-0.6756512493354633,6.448979591836734,0.9441176470588246,-0.47622520681526925
2002,Savannah Sparrow,passerine,1,-0.5743238324037756,-0.6756512493354633,6.448979591836734,0.9441176470588246,-0.47622520681526925
2002,Semipalmated Plover,shorebird,0,-0.5743238324037756,-0.6756512493354633,6.448979591836734,0.9441176470588246,-0.47622520681526925
2002,Semipalmated Sandpiper,shorebird,0,-0.5743238324037756,-0.6756512493354633,6.448979591836734,0.9441176470588246,-0.47622520681526925
2002,Snow Bunting,passerine,1,-0.5743238324037756,-0.6756512493354633,6.448979591836734,0.9441176470588246,-0.47622520681526925
2003,Baird's Sandpiper,shorebird,1,1.430939325490962,0.21720589352167963,5.448979591836734,0.24411764705882355,NA
2003,Black Guillemot,waterbird,0,1.430939325490962,0.21720589352167963,5.448979591836734,0.24411764705882355,NA
2003,Common Eider,waterbird,6,1.430939325490962,0.21720589352167963,5.448979591836734,0.24411764705882355,NA
2003,Glaucous Gull,waterbird,3,1.430939325490962,0.21720589352167963,5.448979591836734,0.24411764705882355,NA
2003,Greater White-fronted Goose,waterbird,2,1.430939325490962,0.21720589352167963,5.448979591836734,0.24411764705882355,NA
2003,Lapland Longspur,passerine,17,1.430939325490962,0.21720589352167963,5.448979591836734,0.24411764705882355,NA
2003,Long-tailed Jaeger,birdofprey,4,1.430939325490962,0.21720589352167963,5.448979591836734,0.24411764705882355,NA
2003,Northern Pintail,waterbird,12,1.430939325490962,0.21720589352167963,5.448979591836734,0.24411764705882355,NA
2003,Redpoll,passerine,0,1.430939325490962,0.21720589352167963,5.448979591836734,0.24411764705882355,NA
2003,Red-throated Loon,waterbird,2,1.430939325490962,0.21720589352167963,5.448979591836734,0.24411764705882355,NA
2003,Savannah Sparrow,passerine,3,1.430939325490962,0.21720589352167963,5.448979591836734,0.24411764705882355,NA
2003,Semipalmated Plover,shorebird,3,1.430939325490962,0.21720589352167963,5.448979591836734,0.24411764705882355,NA
2003,Semipalmated Sandpiper,shorebird,1,1.430939325490962,0.21720589352167963,5.448979591836734,0.24411764705882355,NA
2003,Snow Bunting,passerine,5,1.430939325490962,0.21720589352167963,5.448979591836734,0.24411764705882355,NA
2004,Baird's Sandpiper,shorebird,2,2.0113904533105136,1.55705551758183,-1.4081632653061231,-3.2558823529411747,-3.0392686850761406
2004,Black Guillemot,waterbird,4,2.0113904533105136,1.55705551758183,-1.4081632653061231,-3.2558823529411747,-3.0392686850761406
2004,Common Eider,waterbird,45,2.0113904533105136,1.55705551758183,-1.4081632653061231,-3.2558823529411747,-3.0392686850761406
2004,Glaucous Gull,waterbird,5,2.0113904533105136,1.55705551758183,-1.4081632653061231,-3.2558823529411747,-3.0392686850761406
2004,Greater White-fronted Goose,waterbird,0,2.0113904533105136,1.55705551758183,-1.4081632653061231,-3.2558823529411747,-3.0392686850761406
2004,Lapland Longspur,passerine,25,2.0113904533105136,1.55705551758183,-1.4081632653061231,-3.2558823529411747,-3.0392686850761406
2004,Long-tailed Jaeger,birdofprey,2,2.0113904533105136,1.55705551758183,-1.4081632653061231,-3.2558823529411747,-3.0392686850761406
2004,Northern Pintail,waterbird,10,2.0113904533105136,1.55705551758183,-1.4081632653061231,-3.2558823529411747,-3.0392686850761406
2004,Redpoll,passerine,2,2.0113904533105136,1.55705551758183,-1.4081632653061231,-3.2558823529411747,-3.0392686850761406
2004,Red-throated Loon,waterbird,0,2.0113904533105136,1.55705551758183,-1.4081632653061231,-3.2558823529411747,-3.0392686850761406
2004,Savannah Sparrow,passerine,9,2.0113904533105136,1.55705551758183,-1.4081632653061231,-3.2558823529411747,-3.0392686850761406
2004,Semipalmated Plover,shorebird,6,2.0113904533105136,1.55705551758183,-1.4081632653061231,-3.2558823529411747,-3.0392686850761406
2004,Semipalmated Sandpiper,shorebird,3,2.0113904533105136,1.55705551758183,-1.4081632653061231,-3.2558823529411747,-3.0392686850761406
2004,Snow Bunting,passerine,3,2.0113904533105136,1.55705551758183,-1.4081632653061231,-3.2558823529411747,-3.0392686850761406
2005,Baird's Sandpiper,shorebird,4,0.7185333104533689,-1.7588592693855876,5.448979591836734,0.04411764705882426,0.010731314923861923
2005,Black Guillemot,waterbird,3,0.7185333104533689,-1.7588592693855876,5.448979591836734,0.04411764705882426,0.010731314923861923
2005,Common Eider,waterbird,6,0.7185333104533689,-1.7588592693855876,5.448979591836734,0.04411764705882426,0.010731314923861923
2005,Glaucous Gull,waterbird,9,0.7185333104533689,-1.7588592693855876,5.448979591836734,0.04411764705882426,0.010731314923861923
2005,Greater White-fronted Goose,waterbird,0,0.7185333104533689,-1.7588592693855876,5.448979591836734,0.04411764705882426,0.010731314923861923
2005,Lapland Longspur,passerine,8,0.7185333104533689,-1.7588592693855876,5.448979591836734,0.04411764705882426,0.010731314923861923
2005,Long-tailed Jaeger,birdofprey,0,0.7185333104533689,-1.7588592693855876,5.448979591836734,0.04411764705882426,0.010731314923861923
2005,Northern Pintail,waterbird,0,0.7185333104533689,-1.7588592693855876,5.448979591836734,0.04411764705882426,0.010731314923861923
2005,Redpoll,passerine,2,0.7185333104533689,-1.7588592693855876,5.448979591836734,0.04411764705882426,0.010731314923861923
2005,Red-throated Loon,waterbird,1,0.7185333104533689,-1.7588592693855876,5.448979591836734,0.04411764705882426,0.010731314923861923
2005,Savannah Sparrow,passerine,0,0.7185333104533689,-1.7588592693855876,5.448979591836734,0.04411764705882426,0.010731314923861923
2005,Semipalmated Plover,shorebird,4,0.7185333104533689,-1.7588592693855876,5.448979591836734,0.04411764705882426,0.010731314923861923
2005,Semipalmated Sandpiper,shorebird,1,0.7185333104533689,-1.7588592693855876,5.448979591836734,0.04411764705882426,0.010731314923861923
2005,Snow Bunting,passerine,3,0.7185333104533689,-1.7588592693855876,5.448979591836734,0.04411764705882426,0.010731314923861923
2006,Baird's Sandpiper,shorebird,0,-0.43860954668948743,-0.8233956102377127,2.4489795918367343,-1.6558823529411768,-0.8740512937717906
2006,Black Guillemot,waterbird,26,-0.43860954668948743,-0.8233956102377127,2.4489795918367343,-1.6558823529411768,-0.8740512937717906
2006,Common Eider,waterbird,36,-0.43860954668948743,-0.8233956102377127,2.4489795918367343,-1.6558823529411768,-0.8740512937717906
2006,Glaucous Gull,waterbird,4,-0.43860954668948743,-0.8233956102377127,2.4489795918367343,-1.6558823529411768,-0.8740512937717906
2006,Greater White-fronted Goose,waterbird,5,-0.43860954668948743,-0.8233956102377127,2.4489795918367343,-1.6558823529411768,-0.8740512937717906
2006,Lapland Longspur,passerine,9,-0.43860954668948743,-0.8233956102377127,2.4489795918367343,-1.6558823529411768,-0.8740512937717906
2006,Long-tailed Jaeger,birdofprey,8,-0.43860954668948743,-0.8233956102377127,2.4489795918367343,-1.6558823529411768,-0.8740512937717906
2006,Northern Pintail,waterbird,3,-0.43860954668948743,-0.8233956102377127,2.4489795918367343,-1.6558823529411768,-0.8740512937717906
2006,Redpoll,passerine,0,-0.43860954668948743,-0.8233956102377127,2.4489795918367343,-1.6558823529411768,-0.8740512937717906
2006,Red-throated Loon,waterbird,1,-0.43860954668948743,-0.8233956102377127,2.4489795918367343,-1.6558823529411768,-0.8740512937717906
2006,Savannah Sparrow,passerine,0,-0.43860954668948743,-0.8233956102377127,2.4489795918367343,-1.6558823529411768,-0.8740512937717906
2006,Semipalmated Plover,shorebird,5,-0.43860954668948743,-0.8233956102377127,2.4489795918367343,-1.6558823529411768,-0.8740512937717906
2006,Semipalmated Sandpiper,shorebird,2,-0.43860954668948743,-0.8233956102377127,2.4489795918367343,-1.6558823529411768,-0.8740512937717906
2006,Snow Bunting,passerine,6,-0.43860954668948743,-0.8233956102377127,2.4489795918367343,-1.6558823529411768,-0.8740512937717906
2007,Baird's Sandpiper,shorebird,10,1.268533310453368,1.0695868459026363,-1.551020408163266,-2.355882352941176,-1.756659989423965
2007,Black Guillemot,waterbird,0,1.268533310453368,1.0695868459026363,-1.551020408163266,-2.355882352941176,-1.756659989423965
2007,Common Eider,waterbird,57,1.268533310453368,1.0695868459026363,-1.551020408163266,-2.355882352941176,-1.756659989423965
2007,Glaucous Gull,waterbird,4,1.268533310453368,1.0695868459026363,-1.551020408163266,-2.355882352941176,-1.756659989423965
2007,Greater White-fronted Goose,waterbird,2,1.268533310453368,1.0695868459026363,-1.551020408163266,-2.355882352941176,-1.756659989423965
2007,Lapland Longspur,passerine,36,1.268533310453368,1.0695868459026363,-1.551020408163266,-2.355882352941176,-1.756659989423965
2007,Long-tailed Jaeger,birdofprey,1,1.268533310453368,1.0695868459026363,-1.551020408163266,-2.355882352941176,-1.756659989423965
2007,Northern Pintail,waterbird,24,1.268533310453368,1.0695868459026363,-1.551020408163266,-2.355882352941176,-1.756659989423965
2007,Redpoll,passerine,12,1.268533310453368,1.0695868459026363,-1.551020408163266,-2.355882352941176,-1.756659989423965
2007,Red-throated Loon,waterbird,2,1.268533310453368,1.0695868459026363,-1.551020408163266,-2.355882352941176,-1.756659989423965
2007,Savannah Sparrow,passerine,19,1.268533310453368,1.0695868459026363,-1.551020408163266,-2.355882352941176,-1.756659989423965
2007,Semipalmated Plover,shorebird,14,1.268533310453368,1.0695868459026363,-1.551020408163266,-2.355882352941176,-1.756659989423965
2007,Semipalmated Sandpiper,shorebird,6,1.268533310453368,1.0695868459026363,-1.551020408163266,-2.355882352941176,-1.756659989423965
2007,Snow Bunting,passerine,16,1.268533310453368,1.0695868459026363,-1.551020408163266,-2.355882352941176,-1.756659989423965
2008,Baird's Sandpiper,shorebird,1,-0.6130993426078574,0.47585251006303303,-4.408163265306123,-0.1558823529411768,1.7368182714456006
2008,Black Guillemot,waterbird,1,-0.6130993426078574,0.47585251006303303,-4.408163265306123,-0.1558823529411768,1.7368182714456006
2008,Common Eider,waterbird,3,-0.6130993426078574,0.47585251006303303,-4.408163265306123,-0.1558823529411768,1.7368182714456006
2008,Glaucous Gull,waterbird,0,-0.6130993426078574,0.47585251006303303,-4.408163265306123,-0.1558823529411768,1.7368182714456006
2008,Greater White-fronted Goose,waterbird,0,-0.6130993426078574,0.47585251006303303,-4.408163265306123,-0.1558823529411768,1.7368182714456006
2008,Lapland Longspur,passerine,12,-0.6130993426078574,0.47585251006303303,-4.408163265306123,-0.1558823529411768,1.7368182714456006
2008,Long-tailed Jaeger,birdofprey,0,-0.6130993426078574,0.47585251006303303,-4.408163265306123,-0.1558823529411768,1.7368182714456006
2008,Northern Pintail,waterbird,2,-0.6130993426078574,0.47585251006303303,-4.408163265306123,-0.1558823529411768,1.7368182714456006
2008,Redpoll,passerine,4,-0.6130993426078574,0.47585251006303303,-4.408163265306123,-0.1558823529411768,1.7368182714456006
2008,Red-throated Loon,waterbird,3,-0.6130993426078574,0.47585251006303303,-4.408163265306123,-0.1558823529411768,1.7368182714456006
2008,Savannah Sparrow,passerine,10,-0.6130993426078574,0.47585251006303303,-4.408163265306123,-0.1558823529411768,1.7368182714456006
2008,Semipalmated Plover,shorebird,1,-0.6130993426078574,0.47585251006303303,-4.408163265306123,-0.1558823529411768,1.7368182714456006
2008,Semipalmated Sandpiper,shorebird,3,-0.6130993426078574,0.47585251006303303,-4.408163265306123,-0.1558823529411768,1.7368182714456006
2008,Snow Bunting,passerine,7,-0.6130993426078574,0.47585251006303303,-4.408163265306123,-0.1558823529411768,1.7368182714456006
2009,Baird's Sandpiper,shorebird,4,0.6971047390247966,-0.39469886838307794,1.448979591836734,-1.4558823529411775,0.23812261927168787
2009,Black Guillemot,waterbird,2,0.6971047390247966,-0.39469886838307794,1.448979591836734,-1.4558823529411775,0.23812261927168787
2009,Common Eider,waterbird,32,0.6971047390247966,-0.39469886838307794,1.448979591836734,-1.4558823529411775,0.23812261927168787
2009,Glaucous Gull,waterbird,0,0.6971047390247966,-0.39469886838307794,1.448979591836734,-1.4558823529411775,0.23812261927168787
2009,Greater White-fronted Goose,waterbird,3,0.6971047390247966,-0.39469886838307794,1.448979591836734,-1.4558823529411775,0.23812261927168787
2009,Lapland Longspur,passerine,15,0.6971047390247966,-0.39469886838307794,1.448979591836734,-1.4558823529411775,0.23812261927168787
2009,Long-tailed Jaeger,birdofprey,0,0.6971047390247966,-0.39469886838307794,1.448979591836734,-1.4558823529411775,0.23812261927168787
2009,Northern Pintail,waterbird,4,0.6971047390247966,-0.39469886838307794,1.448979591836734,-1.4558823529411775,0.23812261927168787
2009,Redpoll,passerine,20,0.6971047390247966,-0.39469886838307794,1.448979591836734,-1.4558823529411775,0.23812261927168787
2009,Red-throated Loon,waterbird,4,0.6971047390247966,-0.39469886838307794,1.448979591836734,-1.4558823529411775,0.23812261927168787
2009,Savannah Sparrow,passerine,11,0.6971047390247966,-0.39469886838307794,1.448979591836734,-1.4558823529411775,0.23812261927168787
2009,Semipalmated Plover,shorebird,5,0.6971047390247966,-0.39469886838307794,1.448979591836734,-1.4558823529411775,0.23812261927168787
2009,Semipalmated Sandpiper,shorebird,7,0.6971047390247966,-0.39469886838307794,1.448979591836734,-1.4558823529411775,0.23812261927168787
2009,Snow Bunting,passerine,7,0.6971047390247966,-0.39469886838307794,1.448979591836734,-1.4558823529411775,0.23812261927168787
2010,Baird's Sandpiper,shorebird,6,-0.3600381181180613,0.15530113161692125,-5.551020408163266,1.4441176470588246,0.8947892859383542
2010,Black Guillemot,waterbird,29,-0.3600381181180613,0.15530113161692125,-5.551020408163266,1.4441176470588246,0.8947892859383542
2010,Common Eider,waterbird,13,-0.3600381181180613,0.15530113161692125,-5.551020408163266,1.4441176470588246,0.8947892859383542
2010,Glaucous Gull,waterbird,4,-0.3600381181180613,0.15530113161692125,-5.551020408163266,1.4441176470588246,0.8947892859383542
2010,Greater White-fronted Goose,waterbird,0,-0.3600381181180613,0.15530113161692125,-5.551020408163266,1.4441176470588246,0.8947892859383542
2010,Lapland Longspur,passerine,38,-0.3600381181180613,0.15530113161692125,-5.551020408163266,1.4441176470588246,0.8947892859383542
2010,Long-tailed Jaeger,birdofprey,1,-0.3600381181180613,0.15530113161692125,-5.551020408163266,1.4441176470588246,0.8947892859383542
2010,Northern Pintail,waterbird,0,-0.3600381181180613,0.15530113161692125,-5.551020408163266,1.4441176470588246,0.8947892859383542
2010,Redpoll,passerine,7,-0.3600381181180613,0.15530113161692125,-5.551020408163266,1.4441176470588246,0.8947892859383542
2010,Red-throated Loon,waterbird,0,-0.3600381181180613,0.15530113161692125,-5.551020408163266,1.4441176470588246,0.8947892859383542
2010,Savannah Sparrow,passerine,1,-0.3600381181180613,0.15530113161692125,-5.551020408163266,1.4441176470588246,0.8947892859383542
2010,Semipalmated Plover,shorebird,6,-0.3600381181180613,0.15530113161692125,-5.551020408163266,1.4441176470588246,0.8947892859383542
2010,Semipalmated Sandpiper,shorebird,4,-0.3600381181180613,0.15530113161692125,-5.551020408163266,1.4441176470588246,0.8947892859383542
2010,Snow Bunting,passerine,8,-0.3600381181180613,0.15530113161692125,-5.551020408163266,1.4441176470588246,0.8947892859383542
2011,Baird's Sandpiper,shorebird,1,0.6113904533105118,-0.2661274398116526,-3.5510204081632657,-0.7558823529411764,-1.7923319261828583
2011,Black Guillemot,waterbird,0,0.6113904533105118,-0.2661274398116526,-3.5510204081632657,-0.7558823529411764,-1.7923319261828583
2011,Common Eider,waterbird,36,0.6113904533105118,-0.2661274398116526,-3.5510204081632657,-0.7558823529411764,-1.7923319261828583
2011,Glaucous Gull,waterbird,7,0.6113904533105118,-0.2661274398116526,-3.5510204081632657,-0.7558823529411764,-1.7923319261828583
2011,Greater White-fronted Goose,waterbird,8,0.6113904533105118,-0.2661274398116526,-3.5510204081632657,-0.7558823529411764,-1.7923319261828583
2011,Lapland Longspur,passerine,15,0.6113904533105118,-0.2661274398116526,-3.5510204081632657,-0.7558823529411764,-1.7923319261828583
2011,Long-tailed Jaeger,birdofprey,0,0.6113904533105118,-0.2661274398116526,-3.5510204081632657,-0.7558823529411764,-1.7923319261828583
2011,Northern Pintail,waterbird,0,0.6113904533105118,-0.2661274398116526,-3.5510204081632657,-0.7558823529411764,-1.7923319261828583
2011,Redpoll,passerine,0,0.6113904533105118,-0.2661274398116526,-3.5510204081632657,-0.7558823529411764,-1.7923319261828583
2011,Red-throated Loon,waterbird,3,0.6113904533105118,-0.2661274398116526,-3.5510204081632657,-0.7558823529411764,-1.7923319261828583
2011,Savannah Sparrow,passerine,13,0.6113904533105118,-0.2661274398116526,-3.5510204081632657,-0.7558823529411764,-1.7923319261828583
2011,Semipalmated Plover,shorebird,0,0.6113904533105118,-0.2661274398116526,-3.5510204081632657,-0.7558823529411764,-1.7923319261828583
2011,Semipalmated Sandpiper,shorebird,8,0.6113904533105118,-0.2661274398116526,-3.5510204081632657,-0.7558823529411764,-1.7923319261828583
2011,Snow Bunting,passerine,0,0.6113904533105118,-0.2661274398116526,-3.5510204081632657,-0.7558823529411764,-1.7923319261828583
2012,Baird's Sandpiper,shorebird,10,-0.7499540845046145,-0.5582327029695477,-5.408163265306123,-1.9558823529411775,-0.2849208589891816
2012,Black Guillemot,waterbird,7,-0.7499540845046145,-0.5582327029695477,-5.408163265306123,-1.9558823529411775,-0.2849208589891816
2012,Common Eider,waterbird,39,-0.7499540845046145,-0.5582327029695477,-5.408163265306123,-1.9558823529411775,-0.2849208589891816
2012,Glaucous Gull,waterbird,4,-0.7499540845046145,-0.5582327029695477,-5.408163265306123,-1.9558823529411775,-0.2849208589891816
2012,Greater White-fronted Goose,waterbird,4,-0.7499540845046145,-0.5582327029695477,-5.408163265306123,-1.9558823529411775,-0.2849208589891816
2012,Lapland Longspur,passerine,22,-0.7499540845046145,-0.5582327029695477,-5.408163265306123,-1.9558823529411775,-0.2849208589891816
2012,Long-tailed Jaeger,birdofprey,0,-0.7499540845046145,-0.5582327029695477,-5.408163265306123,-1.9558823529411775,-0.2849208589891816
2012,Northern Pintail,waterbird,4,-0.7499540845046145,-0.5582327029695477,-5.408163265306123,-1.9558823529411775,-0.2849208589891816
2012,Redpoll,passerine,13,-0.7499540845046145,-0.5582327029695477,-5.408163265306123,-1.9558823529411775,-0.2849208589891816
2012,Red-throated Loon,waterbird,0,-0.7499540845046145,-0.5582327029695477,-5.408163265306123,-1.9558823529411775,-0.2849208589891816
2012,Savannah Sparrow,passerine,18,-0.7499540845046145,-0.5582327029695477,-5.408163265306123,-1.9558823529411775,-0.2849208589891816
2012,Semipalmated Plover,shorebird,6,-0.7499540845046145,-0.5582327029695477,-5.408163265306123,-1.9558823529411775,-0.2849208589891816
2012,Semipalmated Sandpiper,shorebird,7,-0.7499540845046145,-0.5582327029695477,-5.408163265306123,-1.9558823529411775,-0.2849208589891816
2012,Snow Bunting,passerine,4,-0.7499540845046145,-0.5582327029695477,-5.408163265306123,-1.9558823529411775,-0.2849208589891816
2013,Baird's Sandpiper,shorebird,3,0.7328190247390823,0.3275233538391425,2.4489795918367343,-1.5558823529411754,-2.8305730329022234
2013,Black Guillemot,waterbird,0,0.7328190247390823,0.3275233538391425,2.4489795918367343,-1.5558823529411754,-2.8305730329022234
2013,Common Eider,waterbird,10,0.7328190247390823,0.3275233538391425,2.4489795918367343,-1.5558823529411754,-2.8305730329022234
2013,Glaucous Gull,waterbird,1,0.7328190247390823,0.3275233538391425,2.4489795918367343,-1.5558823529411754,-2.8305730329022234
2013,Greater White-fronted Goose,waterbird,1,0.7328190247390823,0.3275233538391425,2.4489795918367343,-1.5558823529411754,-2.8305730329022234
2013,Lapland Longspur,passerine,25,0.7328190247390823,0.3275233538391425,2.4489795918367343,-1.5558823529411754,-2.8305730329022234
2013,Long-tailed Jaeger,birdofprey,0,0.7328190247390823,0.3275233538391425,2.4489795918367343,-1.5558823529411754,-2.8305730329022234
2013,Northern Pintail,waterbird,16,0.7328190247390823,0.3275233538391425,2.4489795918367343,-1.5558823529411754,-2.8305730329022234
2013,Redpoll,passerine,2,0.7328190247390823,0.3275233538391425,2.4489795918367343,-1.5558823529411754,-2.8305730329022234
2013,Red-throated Loon,waterbird,2,0.7328190247390823,0.3275233538391425,2.4489795918367343,-1.5558823529411754,-2.8305730329022234
2013,Savannah Sparrow,passerine,5,0.7328190247390823,0.3275233538391425,2.4489795918367343,-1.5558823529411754,-2.8305730329022234
2013,Semipalmated Plover,shorebird,10,0.7328190247390823,0.3275233538391425,2.4489795918367343,-1.5558823529411754,-2.8305730329022234
2013,Semipalmated Sandpiper,shorebird,18,0.7328190247390823,0.3275233538391425,2.4489795918367343,-1.5558823529411754,-2.8305730329022234
2013,Snow Bunting,passerine,3,0.7328190247390823,0.3275233538391425,2.4489795918367343,-1.5558823529411754,-2.8305730329022234
2014,Baird's Sandpiper,shorebird,1,-0.7314666895466319,-1.751841725525939,-3.5510204081632657,1.7441176470588236,3.906383488836905
2014,Black Guillemot,waterbird,5,-0.7314666895466319,-1.751841725525939,-3.5510204081632657,1.7441176470588236,3.906383488836905
2014,Common Eider,waterbird,19,-0.7314666895466319,-1.751841725525939,-3.5510204081632657,1.7441176470588236,3.906383488836905
2014,Glaucous Gull,waterbird,9,-0.7314666895466319,-1.751841725525939,-3.5510204081632657,1.7441176470588236,3.906383488836905
2014,Greater White-fronted Goose,waterbird,11,-0.7314666895466319,-1.751841725525939,-3.5510204081632657,1.7441176470588236,3.906383488836905
2014,Lapland Longspur,passerine,27,-0.7314666895466319,-1.751841725525939,-3.5510204081632657,1.7441176470588236,3.906383488836905
2014,Long-tailed Jaeger,birdofprey,2,-0.7314666895466319,-1.751841725525939,-3.5510204081632657,1.7441176470588236,3.906383488836905
2014,Northern Pintail,waterbird,21,-0.7314666895466319,-1.751841725525939,-3.5510204081632657,1.7441176470588236,3.906383488836905
2014,Redpoll,passerine,2,-0.7314666895466319,-1.751841725525939,-3.5510204081632657,1.7441176470588236,3.906383488836905
2014,Red-throated Loon,waterbird,1,-0.7314666895466319,-1.751841725525939,-3.5510204081632657,1.7441176470588236,3.906383488836905
2014,Savannah Sparrow,passerine,6,-0.7314666895466319,-1.751841725525939,-3.5510204081632657,1.7441176470588236,3.906383488836905
2014,Semipalmated Plover,shorebird,4,-0.7314666895466319,-1.751841725525939,-3.5510204081632657,1.7441176470588236,3.906383488836905
2014,Semipalmated Sandpiper,shorebird,12,-0.7314666895466319,-1.751841725525939,-3.5510204081632657,1.7441176470588236,3.906383488836905
2014,Snow Bunting,passerine,2,-0.7314666895466319,-1.751841725525939,-3.5510204081632657,1.7441176470588236,3.906383488836905
2015,Baird's Sandpiper,shorebird,3,-3.2231960128549013,-1.4089845826687954,-2.5510204081632657,2.4441176470588246,4.906383488836905
2015,Black Guillemot,waterbird,2,-3.2231960128549013,-1.4089845826687954,-2.5510204081632657,2.4441176470588246,4.906383488836905
2015,Common Eider,waterbird,3,-3.2231960128549013,-1.4089845826687954,-2.5510204081632657,2.4441176470588246,4.906383488836905
2015,Glaucous Gull,waterbird,3,-3.2231960128549013,-1.4089845826687954,-2.5510204081632657,2.4441176470588246,4.906383488836905
2015,Greater White-fronted Goose,waterbird,1,-3.2231960128549013,-1.4089845826687954,-2.5510204081632657,2.4441176470588246,4.906383488836905
2015,Lapland Longspur,passerine,8,-3.2231960128549013,-1.4089845826687954,-2.5510204081632657,2.4441176470588246,4.906383488836905
2015,Long-tailed Jaeger,birdofprey,0,-3.2231960128549013,-1.4089845826687954,-2.5510204081632657,2.4441176470588246,4.906383488836905
2015,Northern Pintail,waterbird,18,-3.2231960128549013,-1.4089845826687954,-2.5510204081632657,2.4441176470588246,4.906383488836905
2015,Redpoll,passerine,12,-3.2231960128549013,-1.4089845826687954,-2.5510204081632657,2.4441176470588246,4.906383488836905
2015,Red-throated Loon,waterbird,1,-3.2231960128549013,-1.4089845826687954,-2.5510204081632657,2.4441176470588246,4.906383488836905
2015,Savannah Sparrow,passerine,6,-3.2231960128549013,-1.4089845826687954,-2.5510204081632657,2.4441176470588246,4.906383488836905
2015,Semipalmated Plover,shorebird,3,-3.2231960128549013,-1.4089845826687954,-2.5510204081632657,2.4441176470588246,4.906383488836905
2015,Semipalmated Sandpiper,shorebird,7,-3.2231960128549013,-1.4089845826687954,-2.5510204081632657,2.4441176470588246,4.906383488836905
2015,Snow Bunting,passerine,0,-3.2231960128549013,-1.4089845826687954,-2.5510204081632657,2.4441176470588246,4.906383488836905
2016,Baird's Sandpiper,shorebird,0,-0.7344742083436253,-0.9566036302878403,-9.408163265306124,2.2441176470588236,3.4672530540542965
2016,Black Guillemot,waterbird,6,-0.7344742083436253,-0.9566036302878403,-9.408163265306124,2.2441176470588236,3.4672530540542965
2016,Common Eider,waterbird,17,-0.7344742083436253,-0.9566036302878403,-9.408163265306124,2.2441176470588236,3.4672530540542965
2016,Glaucous Gull,waterbird,8,-0.7344742083436253,-0.9566036302878403,-9.408163265306124,2.2441176470588236,3.4672530540542965
2016,Greater White-fronted Goose,waterbird,14,-0.7344742083436253,-0.9566036302878403,-9.408163265306124,2.2441176470588236,3.4672530540542965
2016,Lapland Longspur,passerine,10,-0.7344742083436253,-0.9566036302878403,-9.408163265306124,2.2441176470588236,3.4672530540542965
2016,Long-tailed Jaeger,birdofprey,0,-0.7344742083436253,-0.9566036302878403,-9.408163265306124,2.2441176470588236,3.4672530540542965
2016,Northern Pintail,waterbird,9,-0.7344742083436253,-0.9566036302878403,-9.408163265306124,2.2441176470588236,3.4672530540542965
2016,Redpoll,passerine,7,-0.7344742083436253,-0.9566036302878403,-9.408163265306124,2.2441176470588236,3.4672530540542965
2016,Red-throated Loon,waterbird,4,-0.7344742083436253,-0.9566036302878403,-9.408163265306124,2.2441176470588236,3.4672530540542965
2016,Savannah Sparrow,passerine,6,-0.7344742083436253,-0.9566036302878403,-9.408163265306124,2.2441176470588236,3.4672530540542965
2016,Semipalmated Plover,shorebird,7,-0.7344742083436253,-0.9566036302878403,-9.408163265306124,2.2441176470588236,3.4672530540542965
2016,Semipalmated Sandpiper,shorebird,6,-0.7344742083436253,-0.9566036302878403,-9.408163265306124,2.2441176470588236,3.4672530540542965
2016,Snow Bunting,passerine,3,-0.7344742083436253,-0.9566036302878403,-9.408163265306124,2.2441176470588236,3.4672530540542965
2017,Baird's Sandpiper,shorebird,0,-0.929962930148134,-0.5923179160021286,-5.551020408163266,0.24411764705882355,NA
2017,Black Guillemot,waterbird,0,-0.929962930148134,-0.5923179160021286,-5.551020408163266,0.24411764705882355,NA
2017,Common Eider,waterbird,41,-0.929962930148134,-0.5923179160021286,-5.551020408163266,0.24411764705882355,NA
2017,Glaucous Gull,waterbird,2,-0.929962930148134,-0.5923179160021286,-5.551020408163266,0.24411764705882355,NA
2017,Greater White-fronted Goose,waterbird,0,-0.929962930148134,-0.5923179160021286,-5.551020408163266,0.24411764705882355,NA
2017,Lapland Longspur,passerine,10,-0.929962930148134,-0.5923179160021286,-5.551020408163266,0.24411764705882355,NA
2017,Long-tailed Jaeger,birdofprey,0,-0.929962930148134,-0.5923179160021286,-5.551020408163266,0.24411764705882355,NA
2017,Northern Pintail,waterbird,6,-0.929962930148134,-0.5923179160021286,-5.551020408163266,0.24411764705882355,NA
2017,Redpoll,passerine,4,-0.929962930148134,-0.5923179160021286,-5.551020408163266,0.24411764705882355,NA
2017,Red-throated Loon,waterbird,2,-0.929962930148134,-0.5923179160021286,-5.551020408163266,0.24411764705882355,NA
2017,Savannah Sparrow,passerine,8,-0.929962930148134,-0.5923179160021286,-5.551020408163266,0.24411764705882355,NA
2017,Semipalmated Plover,shorebird,8,-0.929962930148134,-0.5923179160021286,-5.551020408163266,0.24411764705882355,NA
2017,Semipalmated Sandpiper,shorebird,3,-0.929962930148134,-0.5923179160021286,-5.551020408163266,0.24411764705882355,NA
2017,Snow Bunting,passerine,2,-0.929962930148134,-0.5923179160021286,-5.551020408163266,0.24411764705882355,NA
2018,Baird's Sandpiper,shorebird,2,1.7274618818819403,2.0553011316169187,1.448979591836734,0.4441176470588246,-2.437786471637403
2018,Black Guillemot,waterbird,13,1.7274618818819403,2.0553011316169187,1.448979591836734,0.4441176470588246,-2.437786471637403
2018,Common Eider,waterbird,19,1.7274618818819403,2.0553011316169187,1.448979591836734,0.4441176470588246,-2.437786471637403
2018,Glaucous Gull,waterbird,4,1.7274618818819403,2.0553011316169187,1.448979591836734,0.4441176470588246,-2.437786471637403
2018,Greater White-fronted Goose,waterbird,7,1.7274618818819403,2.0553011316169187,1.448979591836734,0.4441176470588246,-2.437786471637403
2018,Lapland Longspur,passerine,10,1.7274618818819403,2.0553011316169187,1.448979591836734,0.4441176470588246,-2.437786471637403
2018,Long-tailed Jaeger,birdofprey,0,1.7274618818819403,2.0553011316169187,1.448979591836734,0.4441176470588246,-2.437786471637403
2018,Northern Pintail,waterbird,20,1.7274618818819403,2.0553011316169187,1.448979591836734,0.4441176470588246,-2.437786471637403
2018,Redpoll,passerine,0,1.7274618818819403,2.0553011316169187,1.448979591836734,0.4441176470588246,-2.437786471637403
2018,Red-throated Loon,waterbird,0,1.7274618818819403,2.0553011316169187,1.448979591836734,0.4441176470588246,-2.437786471637403
2018,Savannah Sparrow,passerine,13,1.7274618818819403,2.0553011316169187,1.448979591836734,0.4441176470588246,-2.437786471637403
2018,Semipalmated Plover,shorebird,6,1.7274618818819403,2.0553011316169187,1.448979591836734,0.4441176470588246,-2.437786471637403
2018,Semipalmated Sandpiper,shorebird,9,1.7274618818819403,2.0553011316169187,1.448979591836734,0.4441176470588246,-2.437786471637403
2018,Snow Bunting,passerine,6,1.7274618818819403,2.0553011316169187,1.448979591836734,0.4441176470588246,-2.437786471637403
2019,Baird's Sandpiper,shorebird,0,-3.7671809752609176,-0.5732702969545106,-0.5510204081632659,3.0441176470588243,NA
2019,Black Guillemot,waterbird,0,-3.7671809752609176,-0.5732702969545106,-0.5510204081632659,3.0441176470588243,NA
2019,Common Eider,waterbird,19,-3.7671809752609176,-0.5732702969545106,-0.5510204081632659,3.0441176470588243,NA
2019,Glaucous Gull,waterbird,3,-3.7671809752609176,-0.5732702969545106,-0.5510204081632659,3.0441176470588243,NA
2019,Greater White-fronted Goose,waterbird,9,-3.7671809752609176,-0.5732702969545106,-0.5510204081632659,3.0441176470588243,NA
2019,Lapland Longspur,passerine,11,-3.7671809752609176,-0.5732702969545106,-0.5510204081632659,3.0441176470588243,NA
2019,Long-tailed Jaeger,birdofprey,0,-3.7671809752609176,-0.5732702969545106,-0.5510204081632659,3.0441176470588243,NA
2019,Northern Pintail,waterbird,6,-3.7671809752609176,-0.5732702969545106,-0.5510204081632659,3.0441176470588243,NA
2019,Redpoll,passerine,0,-3.7671809752609176,-0.5732702969545106,-0.5510204081632659,3.0441176470588243,NA
2019,Red-throated Loon,waterbird,1,-3.7671809752609176,-0.5732702969545106,-0.5510204081632659,3.0441176470588243,NA
2019,Savannah Sparrow,passerine,8,-3.7671809752609176,-0.5732702969545106,-0.5510204081632659,3.0441176470588243,NA
2019,Semipalmated Plover,shorebird,15,-3.7671809752609176,-0.5732702969545106,-0.5510204081632659,3.0441176470588243,NA
2019,Semipalmated Sandpiper,shorebird,6,-3.7671809752609176,-0.5732702969545106,-0.5510204081632659,3.0441176470588243,NA
2019,Snow Bunting,passerine,6,-3.7671809752609176,-0.5732702969545106,-0.5510204081632659,3.0441176470588243,NA
2020,Baird's Sandpiper,shorebird,0,NA,NA,4.591836734693877,-0.25588235294117645,NA
2020,Black Guillemot,waterbird,0,NA,NA,4.591836734693877,-0.25588235294117645,NA
2020,Common Eider,waterbird,18,NA,NA,4.591836734693877,-0.25588235294117645,NA
2020,Glaucous Gull,waterbird,3,NA,NA,4.591836734693877,-0.25588235294117645,NA
2020,Greater White-fronted Goose,waterbird,0,NA,NA,4.591836734693877,-0.25588235294117645,NA
2020,Lapland Longspur,passerine,3,NA,NA,4.591836734693877,-0.25588235294117645,NA
2020,Long-tailed Jaeger,birdofprey,0,NA,NA,4.591836734693877,-0.25588235294117645,NA
2020,Northern Pintail,waterbird,3,NA,NA,4.591836734693877,-0.25588235294117645,NA
2020,Redpoll,passerine,0,NA,NA,4.591836734693877,-0.25588235294117645,NA
2020,Red-throated Loon,waterbird,0,NA,NA,4.591836734693877,-0.25588235294117645,NA
2020,Savannah Sparrow,passerine,6,NA,NA,4.591836734693877,-0.25588235294117645,NA
2020,Semipalmated Plover,shorebird,8,NA,NA,4.591836734693877,-0.25588235294117645,NA
2020,Semipalmated Sandpiper,shorebird,3,NA,NA,4.591836734693877,-0.25588235294117645,NA
2020,Snow Bunting,passerine,2,NA,NA,4.591836734693877,-0.25588235294117645,NA
2021,Baird's Sandpiper,shorebird,0,NA,NA,4.448979591836734,0.1441176470588239,3.760731314923862
2021,Black Guillemot,waterbird,2,NA,NA,4.448979591836734,0.1441176470588239,3.760731314923862
2021,Common Eider,waterbird,15,NA,NA,4.448979591836734,0.1441176470588239,3.760731314923862
2021,Glaucous Gull,waterbird,5,NA,NA,4.448979591836734,0.1441176470588239,3.760731314923862
2021,Greater White-fronted Goose,waterbird,11,NA,NA,4.448979591836734,0.1441176470588239,3.760731314923862
2021,Lapland Longspur,passerine,7,NA,NA,4.448979591836734,0.1441176470588239,3.760731314923862
2021,Long-tailed Jaeger,birdofprey,0,NA,NA,4.448979591836734,0.1441176470588239,3.760731314923862
2021,Northern Pintail,waterbird,7,NA,NA,4.448979591836734,0.1441176470588239,3.760731314923862
2021,Redpoll,passerine,4,NA,NA,4.448979591836734,0.1441176470588239,3.760731314923862
2021,Red-throated Loon,waterbird,0,NA,NA,4.448979591836734,0.1441176470588239,3.760731314923862
2021,Savannah Sparrow,passerine,6,NA,NA,4.448979591836734,0.1441176470588239,3.760731314923862
2021,Semipalmated Plover,shorebird,8,NA,NA,4.448979591836734,0.1441176470588239,3.760731314923862
2021,Semipalmated Sandpiper,shorebird,22,NA,NA,4.448979591836734,0.1441176470588239,3.760731314923862
2021,Snow Bunting,passerine,14,NA,NA,4.448979591836734,0.1441176470588239,3.760731314923862
2022,Baird's Sandpiper,shorebird,0,-0.1528952609752017,-2.2256512493354625,0.44897959183673414,-0.055882352941175384,1.8172530540542962
2022,Black Guillemot,waterbird,1,-0.1528952609752017,-2.2256512493354625,0.44897959183673414,-0.055882352941175384,1.8172530540542962
2022,Common Eider,waterbird,24,-0.1528952609752017,-2.2256512493354625,0.44897959183673414,-0.055882352941175384,1.8172530540542962
2022,Glaucous Gull,waterbird,2,-0.1528952609752017,-2.2256512493354625,0.44897959183673414,-0.055882352941175384,1.8172530540542962
2022,Greater White-fronted Goose,waterbird,9,-0.1528952609752017,-2.2256512493354625,0.44897959183673414,-0.055882352941175384,1.8172530540542962
2022,Lapland Longspur,passerine,11,-0.1528952609752017,-2.2256512493354625,0.44897959183673414,-0.055882352941175384,1.8172530540542962
2022,Long-tailed Jaeger,birdofprey,0,-0.1528952609752017,-2.2256512493354625,0.44897959183673414,-0.055882352941175384,1.8172530540542962
2022,Northern Pintail,waterbird,12,-0.1528952609752017,-2.2256512493354625,0.44897959183673414,-0.055882352941175384,1.8172530540542962
2022,Redpoll,passerine,9,-0.1528952609752017,-2.2256512493354625,0.44897959183673414,-0.055882352941175384,1.8172530540542962
2022,Red-throated Loon,waterbird,10,-0.1528952609752017,-2.2256512493354625,0.44897959183673414,-0.055882352941175384,1.8172530540542962
2022,Savannah Sparrow,passerine,1,-0.1528952609752017,-2.2256512493354625,0.44897959183673414,-0.055882352941175384,1.8172530540542962
2022,Semipalmated Plover,shorebird,8,-0.1528952609752017,-2.2256512493354625,0.44897959183673414,-0.055882352941175384,1.8172530540542962
2022,Semipalmated Sandpiper,shorebird,5,-0.1528952609752017,-2.2256512493354625,0.44897959183673414,-0.055882352941175384,1.8172530540542962
2022,Snow Bunting,passerine,6,-0.1528952609752017,-2.2256512493354625,0.44897959183673414,-0.055882352941175384,1.8172530540542962
2023,Baird's Sandpiper,shorebird,0,0.14710473902479748,0.055301131616918804,-3.5510204081632657,-0.3558823529411761,0.6976878366629924
2023,Black Guillemot,waterbird,2,0.14710473902479748,0.055301131616918804,-3.5510204081632657,-0.3558823529411761,0.6976878366629924
2023,Common Eider,waterbird,14,0.14710473902479748,0.055301131616918804,-3.5510204081632657,-0.3558823529411761,0.6976878366629924
2023,Glaucous Gull,waterbird,1,0.14710473902479748,0.055301131616918804,-3.5510204081632657,-0.3558823529411761,0.6976878366629924
2023,Greater White-fronted Goose,waterbird,3,0.14710473902479748,0.055301131616918804,-3.5510204081632657,-0.3558823529411761,0.6976878366629924
2023,Lapland Longspur,passerine,11,0.14710473902479748,0.055301131616918804,-3.5510204081632657,-0.3558823529411761,0.6976878366629924
2023,Long-tailed Jaeger,birdofprey,0,0.14710473902479748,0.055301131616918804,-3.5510204081632657,-0.3558823529411761,0.6976878366629924
2023,Northern Pintail,waterbird,11,0.14710473902479748,0.055301131616918804,-3.5510204081632657,-0.3558823529411761,0.6976878366629924
2023,Redpoll,passerine,8,0.14710473902479748,0.055301131616918804,-3.5510204081632657,-0.3558823529411761,0.6976878366629924
2023,Red-throated Loon,waterbird,0,0.14710473902479748,0.055301131616918804,-3.5510204081632657,-0.3558823529411761,0.6976878366629924
2023,Savannah Sparrow,passerine,3,0.14710473902479748,0.055301131616918804,-3.5510204081632657,-0.3558823529411761,0.6976878366629924
2023,Semipalmated Plover,shorebird,14,0.14710473902479748,0.055301131616918804,-3.5510204081632657,-0.3558823529411761,0.6976878366629924
2023,Semipalmated Sandpiper,shorebird,8,0.14710473902479748,0.055301131616918804,-3.5510204081632657,-0.3558823529411761,0.6976878366629924
2023,Snow Bunting,passerine,5,0.14710473902479748,0.055301131616918804,-3.5510204081632657,-0.3558823529411761,0.6976878366629924
2024,Baird's Sandpiper,shorebird,0,2.2899618818819403,4.117205893521681,-2.408163265306123,NA,NA
2024,Black Guillemot,waterbird,0,2.2899618818819403,4.117205893521681,-2.408163265306123,NA,NA
2024,Common Eider,waterbird,15,2.2899618818819403,4.117205893521681,-2.408163265306123,NA,NA
2024,Glaucous Gull,waterbird,2,2.2899618818819403,4.117205893521681,-2.408163265306123,NA,NA
2024,Greater White-fronted Goose,waterbird,6,2.2899618818819403,4.117205893521681,-2.408163265306123,NA,NA
2024,Lapland Longspur,passerine,14,2.2899618818819403,4.117205893521681,-2.408163265306123,NA,NA
2024,Long-tailed Jaeger,birdofprey,0,2.2899618818819403,4.117205893521681,-2.408163265306123,NA,NA
2024,Northern Pintail,waterbird,19,2.2899618818819403,4.117205893521681,-2.408163265306123,NA,NA
2024,Redpoll,passerine,2,2.2899618818819403,4.117205893521681,-2.408163265306123,NA,NA
2024,Red-throated Loon,waterbird,0,2.2899618818819403,4.117205893521681,-2.408163265306123,NA,NA
2024,Savannah Sparrow,passerine,7,2.2899618818819403,4.117205893521681,-2.408163265306123,NA,NA
2024,Semipalmated Plover,shorebird,11,2.2899618818819403,4.117205893521681,-2.408163265306123,NA,NA
2024,Semipalmated Sandpiper,shorebird,9,2.2899618818819403,4.117205893521681,-2.408163265306123,NA,NA
2024,Snow Bunting,passerine,9,2.2899618818819403,4.117205893521681,-2.408163265306123,NA,NA
